customerid,prob_churn
5178-LMXOP,0.7870712822592151
0295-PPHDO,0.7795081520620571
6857-VWJDT,0.773517884031519
5419-JPRRN,0.7647461628295353
1069-XAIEM,0.763376206163733
