customerid,prob_churn
5178-LMXOP,0.959475972562207
1069-XAIEM,0.9411111512940572
0295-PPHDO,0.9396739820557438
5419-JPRRN,0.9388551829017308
3178-FESZO,0.9324385173189708
